{
  "round": 2,
  "agent_names": [
    "TechAnalystAlex",
    "CreativeStoryteller_Sam",
    "PragmaticPM_Jordan",
    "MemeLord_Casey",
    "EmpathyAdvocate_Riley",
    "SkepticalDebater_Morgan",
    "TrendSpotter_Avery",
    "MinimalistLurker_Quinn",
    "BusinessGuru_Pat",
    "AcademicScholar_Dr_Lee"
  ],
  "matrix": [
    [
      1.0,
      0.43680734363055024,
      0.3526769890758419,
      0.3568914775298112,
      0.5937855760431445,
      0.5620770662090567,
      0.5954970457180307,
      0.2383570151777612,
      0.4514933672842542,
      0.43865607823496455
    ],
    [
      0.43680734363055024,
      1.0,
      0.5146875548282748,
      0.5577038750058133,
      0.7207506471837372,
      0.6204666084013346,
      0.7162682351164215,
      0.34413845237170915,
      0.5279548124679354,
      0.6821105690663615
    ],
    [
      0.3526769890758419,
      0.5146875548282748,
      1.0,
      0.35053281088929733,
      0.49846710045662024,
      0.45905848593026033,
      0.5956157145237663,
      0.2262754011394315,
      0.4011823752754749,
      0.40891121942895414
    ],
    [
      0.3568914775298112,
      0.5577038750058133,
      0.35053281088929733,
      1.0,
      0.5202342128381725,
      0.5755875082234178,
      0.5713146519236252,
      0.25676321330519014,
      0.4198935997507481,
      0.4498151040653217
    ],
    [
      0.5937855760431445,
      0.7207506471837372,
      0.49846710045662024,
      0.5202342128381725,
      1.0,
      0.46099322847277424,
      0.6141483693043165,
      0.39182640441659605,
      0.6451372462171867,
      0.584680236760038
    ],
    [
      0.5620770662090567,
      0.6204666084013346,
      0.45905848593026033,
      0.5755875082234178,
      0.46099322847277424,
      1.0,
      0.467513870634524,
      0.2738605148456003,
      0.4218731872901273,
      0.5302182495269678
    ],
    [
      0.5954970457180307,
      0.7162682351164215,
      0.5956157145237663,
      0.5713146519236252,
      0.6141483693043165,
      0.467513870634524,
      1.0,
      0.308888371086784,
      0.6695465405429972,
      0.6077694221727019
    ],
    [
      0.2383570151777612,
      0.34413845237170915,
      0.2262754011394315,
      0.25676321330519014,
      0.39182640441659605,
      0.2738605148456003,
      0.308888371086784,
      1.0,
      0.3490079483569805,
      0.29400197029546715
    ],
    [
      0.4514933672842542,
      0.5279548124679354,
      0.4011823752754749,
      0.4198935997507481,
      0.6451372462171867,
      0.4218731872901273,
      0.6695465405429972,
      0.3490079483569805,
      1.0,
      0.5420480849899452
    ],
    [
      0.43865607823496455,
      0.6821105690663615,
      0.40891121942895414,
      0.4498151040653217,
      0.584680236760038,
      0.5302182495269678,
      0.6077694221727019,
      0.29400197029546715,
      0.5420480849899452,
      1.0
    ]
  ]
}