{
  "round": 1,
  "agent_names": [
    "TechAnalystAlex",
    "CreativeStoryteller_Sam",
    "PragmaticPM_Jordan",
    "MemeLord_Casey",
    "EmpathyAdvocate_Riley",
    "SkepticalDebater_Morgan",
    "TrendSpotter_Avery",
    "MinimalistLurker_Quinn",
    "BusinessGuru_Pat",
    "AcademicScholar_Dr_Lee"
  ],
  "matrix": [
    [
      1.0,
      0.4572962547787932,
      0.49189253266432714,
      0.379400338630749,
      0.47487083402232694,
      0.3632680380420771,
      0.3383630675100459,
      0.25361393064598725,
      0.4516142993457538,
      0.4624600684919373
    ],
    [
      0.4572962547787932,
      1.0,
      0.4253499767958272,
      0.40964689872855575,
      0.5043208908524677,
      0.3759670757196367,
      0.4682755065460641,
      0.29432812724877233,
      0.6097493454316513,
      0.56953226093359
    ],
    [
      0.49189253266432714,
      0.4253499767958272,
      1.0,
      0.4308528171906119,
      0.499192165091505,
      0.4058769259288058,
      0.3169921814253469,
      0.23512739638210947,
      0.3637341735671764,
      0.4146662258314282
    ],
    [
      0.379400338630749,
      0.40964689872855575,
      0.4308528171906119,
      1.0,
      0.3786312850096466,
      0.38972157103326305,
      0.41267307372299494,
      0.21588220751928106,
      0.5120828274297963,
      0.46438050628149485
    ],
    [
      0.47487083402232694,
      0.5043208908524677,
      0.499192165091505,
      0.3786312850096466,
      1.0,
      0.35871603948122777,
      0.35391439071961395,
      0.28138977342742144,
      0.41271962264185424,
      0.5518002513770321
    ],
    [
      0.3632680380420771,
      0.3759670757196367,
      0.4058769259288058,
      0.38972157103326305,
      0.35871603948122777,
      1.0,
      0.3081063921413151,
      0.2899747075302169,
      0.31323592214123186,
      0.503556289177972
    ],
    [
      0.3383630675100459,
      0.4682755065460641,
      0.3169921814253469,
      0.41267307372299494,
      0.35391439071961395,
      0.3081063921413151,
      1.0,
      0.21475390843574932,
      0.34713451874515466,
      0.377453734092976
    ],
    [
      0.25361393064598725,
      0.29432812724877233,
      0.23512739638210947,
      0.21588220751928106,
      0.28138977342742144,
      0.2899747075302169,
      0.21475390843574932,
      1.0,
      0.2312079398435449,
      0.2747283797272979
    ],
    [
      0.4516142993457538,
      0.6097493454316513,
      0.3637341735671764,
      0.5120828274297963,
      0.41271962264185424,
      0.31323592214123186,
      0.34713451874515466,
      0.2312079398435449,
      1.0,
      0.39727577630104793
    ],
    [
      0.4624600684919373,
      0.56953226093359,
      0.4146662258314282,
      0.46438050628149485,
      0.5518002513770321,
      0.503556289177972,
      0.377453734092976,
      0.2747283797272979,
      0.39727577630104793,
      1.0
    ]
  ]
}