{
  "round": 4,
  "agent_names": [
    "TechAnalystAlex",
    "CreativeStoryteller_Sam",
    "PragmaticPM_Jordan",
    "MemeLord_Casey",
    "EmpathyAdvocate_Riley",
    "SkepticalDebater_Morgan",
    "TrendSpotter_Avery",
    "MinimalistLurker_Quinn",
    "BusinessGuru_Pat",
    "AcademicScholar_Dr_Lee"
  ],
  "matrix": [
    [
      1.0,
      0.43680734363055024,
      0.3526769890758419,
      0.3568914775298112,
      0.6021189093764779,
      0.5676326217646123,
      0.5954970457180307,
      0.2383570151777612,
      0.5070489228398097,
      0.4664338560127423
    ],
    [
      0.43680734363055024,
      1.0,
      0.486909777050497,
      0.5021483194502577,
      0.6929728694059594,
      0.564911052845779,
      0.660712679560866,
      0.31636067459393136,
      0.5279548124679354,
      0.6404439023996948
    ],
    [
      0.3526769890758419,
      0.486909777050497,
      1.0,
      0.34775503311151956,
      0.47902265601217575,
      0.43683626370803813,
      0.5872823811904329,
      0.2262754011394315,
      0.4484045974976971,
      0.40891121942895414
    ],
    [
      0.3568914775298112,
      0.5021483194502577,
      0.34775503311151956,
      1.0,
      0.49245643506039477,
      0.54780973044564,
      0.5324257630347363,
      0.2539854355274124,
      0.43656026641741474,
      0.4220373262875439
    ],
    [
      0.6021189093764779,
      0.6929728694059594,
      0.47902265601217575,
      0.49245643506039477,
      1.0,
      0.44710433958388535,
      0.5863705915265387,
      0.3723819599721516,
      0.6729150239949644,
      0.584680236760038
    ],
    [
      0.5676326217646123,
      0.564911052845779,
      0.43683626370803813,
      0.54780973044564,
      0.44710433958388535,
      1.0,
      0.4397360928567462,
      0.2516382926233781,
      0.4496509650679051,
      0.5024404717491902
    ],
    [
      0.5954970457180307,
      0.660712679560866,
      0.5872823811904329,
      0.5324257630347363,
      0.5863705915265387,
      0.4397360928567462,
      1.0,
      0.3005550377534507,
      0.6806576516541083,
      0.5799916443949242
    ],
    [
      0.2383570151777612,
      0.31636067459393136,
      0.2262754011394315,
      0.2539854355274124,
      0.3723819599721516,
      0.2516382926233781,
      0.3005550377534507,
      1.0,
      0.39623017057920273,
      0.29400197029546715
    ],
    [
      0.5070489228398097,
      0.5279548124679354,
      0.4484045974976971,
      0.43656026641741474,
      0.6729150239949644,
      0.4496509650679051,
      0.6806576516541083,
      0.39623017057920273,
      1.0,
      0.569825862767723
    ],
    [
      0.4664338560127423,
      0.6404439023996948,
      0.40891121942895414,
      0.4220373262875439,
      0.584680236760038,
      0.5024404717491902,
      0.5799916443949242,
      0.29400197029546715,
      0.569825862767723,
      1.0
    ]
  ]
}