{
  "round": 3,
  "agent_names": [
    "TechAnalystAlex",
    "CreativeStoryteller_Sam",
    "PragmaticPM_Jordan",
    "MemeLord_Casey",
    "EmpathyAdvocate_Riley",
    "SkepticalDebater_Morgan",
    "TrendSpotter_Avery",
    "MinimalistLurker_Quinn",
    "BusinessGuru_Pat",
    "AcademicScholar_Dr_Lee"
  ],
  "matrix": [
    [
      1.0,
      0.43680734363055024,
      0.3526769890758419,
      0.384669255307589,
      0.6298966871542557,
      0.5676326217646123,
      0.5954970457180307,
      0.2383570151777612,
      0.5070489228398097,
      0.4664338560127423
    ],
    [
      0.43680734363055024,
      1.0,
      0.5063542214949415,
      0.5299260972280355,
      0.7207506471837372,
      0.5926888306235567,
      0.6718237906719771,
      0.33580511903837584,
      0.5390659235790465,
      0.6543327912885837
    ],
    [
      0.3526769890758419,
      0.5063542214949415,
      1.0,
      0.35053281088929733,
      0.5068004337899535,
      0.43683626370803813,
      0.5872823811904329,
      0.2262754011394315,
      0.4484045974976971,
      0.40891121942895414
    ],
    [
      0.384669255307589,
      0.5299260972280355,
      0.35053281088929733,
      1.0,
      0.5202342128381725,
      0.54780973044564,
      0.5435368741458474,
      0.25676321330519014,
      0.44767137752852587,
      0.4220373262875439
    ],
    [
      0.6298966871542557,
      0.7207506471837372,
      0.5068004337899535,
      0.5202342128381725,
      1.0,
      0.46099322847277424,
      0.6141483693043165,
      0.40015973774992936,
      0.7006928017727422,
      0.584680236760038
    ],
    [
      0.5676326217646123,
      0.5926888306235567,
      0.43683626370803813,
      0.54780973044564,
      0.46099322847277424,
      1.0,
      0.4397360928567462,
      0.2516382926233781,
      0.4496509650679051,
      0.5302182495269678
    ],
    [
      0.5954970457180307,
      0.6718237906719771,
      0.5872823811904329,
      0.5435368741458474,
      0.6141483693043165,
      0.4397360928567462,
      1.0,
      0.3005550377534507,
      0.6806576516541083,
      0.5799916443949242
    ],
    [
      0.2383570151777612,
      0.33580511903837584,
      0.2262754011394315,
      0.25676321330519014,
      0.40015973774992936,
      0.2516382926233781,
      0.3005550377534507,
      1.0,
      0.39623017057920273,
      0.29400197029546715
    ],
    [
      0.5070489228398097,
      0.5390659235790465,
      0.4484045974976971,
      0.44767137752852587,
      0.7006928017727422,
      0.4496509650679051,
      0.6806576516541083,
      0.39623017057920273,
      1.0,
      0.569825862767723
    ],
    [
      0.4664338560127423,
      0.6543327912885837,
      0.40891121942895414,
      0.4220373262875439,
      0.584680236760038,
      0.5302182495269678,
      0.5799916443949242,
      0.29400197029546715,
      0.569825862767723,
      1.0
    ]
  ]
}