{
  "round": 2,
  "agent_names": [
    "TechAnalystAlex",
    "CreativeStoryteller_Sam",
    "PragmaticPM_Jordan",
    "MemeLord_Casey",
    "EmpathyAdvocate_Riley",
    "SkepticalDebater_Morgan",
    "TrendSpotter_Avery",
    "MinimalistLurker_Quinn",
    "BusinessGuru_Pat",
    "AcademicScholar_Dr_Lee"
  ],
  "matrix": [
    [
      1.0,
      0.45793860626383665,
      0.4726966066380408,
      0.4665797996233022,
      0.44972851618371446,
      0.4883258044683887,
      0.5327816476746376,
      0.3103099959112771,
      0.600154781798222,
      0.4630250639920286
    ],
    [
      0.45793860626383665,
      1.0,
      0.521755898830109,
      0.5283704460635957,
      0.5974417056223414,
      0.5074080239871527,
      0.5451667205751365,
      0.32673933982196013,
      0.5208338404468322,
      0.4454981413078141
    ],
    [
      0.4726966066380408,
      0.521755898830109,
      1.0,
      0.3603741696550765,
      0.4184817761259006,
      0.4562674258995697,
      0.5200226263679065,
      0.3654012643232727,
      0.5192984651750044,
      0.46822244624475595
    ],
    [
      0.4665797996233022,
      0.5283704460635957,
      0.3603741696550765,
      1.0,
      0.4270008716315979,
      0.5153644161124504,
      0.4776824771809176,
      0.2774876266021889,
      0.45803742834860367,
      0.5193531975026577
    ],
    [
      0.44972851618371446,
      0.5974417056223414,
      0.4184817761259006,
      0.4270008716315979,
      1.0,
      0.5536581831026173,
      0.5840095841517927,
      0.3208908373089511,
      0.5140767931059449,
      0.5191748657794708
    ],
    [
      0.4883258044683887,
      0.5074080239871527,
      0.4562674258995697,
      0.5153644161124504,
      0.5536581831026173,
      1.0,
      0.5766849705722089,
      0.2807371114691856,
      0.5272262503891205,
      0.6314537011942305
    ],
    [
      0.5327816476746376,
      0.5451667205751365,
      0.5200226263679065,
      0.4776824771809176,
      0.5840095841517927,
      0.5766849705722089,
      1.0,
      0.3657576365555312,
      0.738259487407357,
      0.5094167860673968
    ],
    [
      0.3103099959112771,
      0.32673933982196013,
      0.3654012643232727,
      0.2774876266021889,
      0.3208908373089511,
      0.2807371114691856,
      0.3657576365555312,
      1.0,
      0.464120940135944,
      0.3064624349185905
    ],
    [
      0.600154781798222,
      0.5208338404468322,
      0.5192984651750044,
      0.45803742834860367,
      0.5140767931059449,
      0.5272262503891205,
      0.738259487407357,
      0.464120940135944,
      1.0,
      0.5603439122642424
    ],
    [
      0.4630250639920286,
      0.4454981413078141,
      0.46822244624475595,
      0.5193531975026577,
      0.5191748657794708,
      0.6314537011942305,
      0.5094167860673968,
      0.3064624349185905,
      0.5603439122642424,
      1.0
    ]
  ]
}