{
  "round": 1,
  "agent_names": [
    "CreativeStoryteller_Sam",
    "SkepticalDebater_Morgan"
  ],
  "matrix": [
    [
      1.0,
      0.6433363366555573
    ],
    [
      0.6433363366555573,
      1.0
    ]
  ]
}