{
  "round": 5,
  "agent_names": [
    "TechAnalystAlex",
    "CreativeStoryteller_Sam",
    "PragmaticPM_Jordan",
    "MemeLord_Casey",
    "EmpathyAdvocate_Riley",
    "SkepticalDebater_Morgan",
    "TrendSpotter_Avery",
    "MinimalistLurker_Quinn",
    "BusinessGuru_Pat",
    "AcademicScholar_Dr_Lee"
  ],
  "matrix": [
    [
      1.0,
      0.5542976417873174,
      0.5958648974128825,
      0.4815330276124312,
      0.4878938987918719,
      0.5214103599611123,
      0.5664692130745659,
      0.3033303020642476,
      0.6364524139467127,
      0.45101982937999097
    ],
    [
      0.5542976417873174,
      1.0,
      0.5831529865875024,
      0.5582196954562405,
      0.6226070324110358,
      0.5891817126451069,
      0.6896991308231166,
      0.35319658337797877,
      0.6179517114525246,
      0.495991864692531
    ],
    [
      0.5958648974128825,
      0.5831529865875024,
      1.0,
      0.4102714698500083,
      0.5036282078162805,
      0.5647646357523644,
      0.6136881109545076,
      0.3858863693248238,
      0.5900676959442352,
      0.49192437239886544
    ],
    [
      0.4815330276124312,
      0.5582196954562405,
      0.4102714698500083,
      1.0,
      0.524646793743823,
      0.5143612460839802,
      0.4806448508641246,
      0.38143806527922175,
      0.4790280439571006,
      0.5486749232643295
    ],
    [
      0.4878938987918719,
      0.6226070324110358,
      0.5036282078162805,
      0.524646793743823,
      1.0,
      0.6244210654850957,
      0.5991508778613995,
      0.3462481110252288,
      0.6451831675475042,
      0.5952092695562922
    ],
    [
      0.5214103599611123,
      0.5891817126451069,
      0.5647646357523644,
      0.5143612460839802,
      0.6244210654850957,
      1.0,
      0.582986589010204,
      0.30259058751911294,
      0.552924056379813,
      0.6406158189060016
    ],
    [
      0.5664692130745659,
      0.6896991308231166,
      0.6136881109545076,
      0.4806448508641246,
      0.5991508778613995,
      0.582986589010204,
      1.0,
      0.39557535501251256,
      0.6998660928687508,
      0.5621055413537173
    ],
    [
      0.3033303020642476,
      0.35319658337797877,
      0.3858863693248238,
      0.38143806527922175,
      0.3462481110252288,
      0.30259058751911294,
      0.39557535501251256,
      1.0,
      0.4303021386326521,
      0.3208435246074594
    ],
    [
      0.6364524139467127,
      0.6179517114525246,
      0.5900676959442352,
      0.4790280439571006,
      0.6451831675475042,
      0.552924056379813,
      0.6998660928687508,
      0.4303021386326521,
      1.0,
      0.5415565157117085
    ],
    [
      0.45101982937999097,
      0.495991864692531,
      0.49192437239886544,
      0.5486749232643295,
      0.5952092695562922,
      0.6406158189060016,
      0.5621055413537173,
      0.3208435246074594,
      0.5415565157117085,
      1.0
    ]
  ]
}