{
  "round": 3,
  "agent_names": [
    "TechAnalystAlex",
    "CreativeStoryteller_Sam",
    "PragmaticPM_Jordan",
    "MemeLord_Casey",
    "EmpathyAdvocate_Riley",
    "SkepticalDebater_Morgan",
    "TrendSpotter_Avery",
    "MinimalistLurker_Quinn",
    "BusinessGuru_Pat",
    "AcademicScholar_Dr_Lee"
  ],
  "matrix": [
    [
      1.0,
      0.5096796304120942,
      0.5066933136771352,
      0.4360416351160388,
      0.45391149794456254,
      0.5038123087390352,
      0.5066488001945604,
      0.3283313767542763,
      0.5623658702848988,
      0.46849147183952683
    ],
    [
      0.5096796304120942,
      1.0,
      0.538284774672343,
      0.5158191614398092,
      0.5883871274520556,
      0.6163351706332696,
      0.5936094898766567,
      0.3501237414227395,
      0.608896686802674,
      0.4779733315387997
    ],
    [
      0.5066933136771352,
      0.538284774672343,
      1.0,
      0.40363883556257685,
      0.4293271421093081,
      0.5588828904693456,
      0.5669394431367903,
      0.3574035947952809,
      0.5103341106470661,
      0.48504447805651313
    ],
    [
      0.4360416351160388,
      0.5158191614398092,
      0.40363883556257685,
      1.0,
      0.41248837582763687,
      0.5015642666961959,
      0.4644245417741587,
      0.3062927970399087,
      0.47123784766935717,
      0.5332711085975869
    ],
    [
      0.45391149794456254,
      0.5883871274520556,
      0.4293271421093081,
      0.41248837582763687,
      1.0,
      0.5437912376536242,
      0.5533063305069885,
      0.3368274765091541,
      0.5437598798907889,
      0.5480905320763955
    ],
    [
      0.5038123087390352,
      0.6163351706332696,
      0.5588828904693456,
      0.5015642666961959,
      0.5437912376536242,
      1.0,
      0.5685508644630011,
      0.30434520199765547,
      0.5219200067515228,
      0.6124465512292339
    ],
    [
      0.5066488001945604,
      0.5936094898766567,
      0.5669394431367903,
      0.4644245417741587,
      0.5533063305069885,
      0.5685508644630011,
      1.0,
      0.366744491563556,
      0.7189272643663351,
      0.552917089627105
    ],
    [
      0.3283313767542763,
      0.3501237414227395,
      0.3574035947952809,
      0.3062927970399087,
      0.3368274765091541,
      0.30434520199765547,
      0.366744491563556,
      1.0,
      0.44937886965706575,
      0.32410988123401097
    ],
    [
      0.5623658702848988,
      0.608896686802674,
      0.5103341106470661,
      0.47123784766935717,
      0.5437598798907889,
      0.5219200067515228,
      0.7189272643663351,
      0.44937886965706575,
      1.0,
      0.5593703902221351
    ],
    [
      0.46849147183952683,
      0.4779733315387997,
      0.48504447805651313,
      0.5332711085975869,
      0.5480905320763955,
      0.6124465512292339,
      0.552917089627105,
      0.32410988123401097,
      0.5593703902221351,
      1.0
    ]
  ]
}