{
  "round": 3,
  "agent_names": [
    "TechAnalystAlex",
    "CreativeStoryteller_Sam",
    "PragmaticPM_Jordan",
    "MemeLord_Casey",
    "EmpathyAdvocate_Riley"
  ],
  "matrix": [
    [
      1.0,
      0.5193822685564784,
      0.404979488209308,
      0.5111661235872713,
      0.5638524514308967
    ],
    [
      0.5193822685564784,
      1.0,
      0.5590590004274374,
      0.5345521674721971,
      0.5818912525233693
    ],
    [
      0.404979488209308,
      0.5590590004274374,
      1.0,
      0.3962924653615379,
      0.5649511161441301
    ],
    [
      0.5111661235872713,
      0.5345521674721971,
      0.3962924653615379,
      1.0,
      0.5206597530501526
    ],
    [
      0.5638524514308967,
      0.5818912525233693,
      0.5649511161441301,
      0.5206597530501526,
      1.0
    ]
  ]
}