{
  "round": 1,
  "agent_names": [
    "TechAnalystAlex",
    "CreativeStoryteller_Sam",
    "PragmaticPM_Jordan",
    "MemeLord_Casey",
    "EmpathyAdvocate_Riley",
    "SkepticalDebater_Morgan",
    "TrendSpotter_Avery",
    "MinimalistLurker_Quinn",
    "BusinessGuru_Pat",
    "AcademicScholar_Dr_Lee"
  ],
  "matrix": [
    [
      1.0,
      0.361848947862796,
      0.3112193494519677,
      0.35540989011459434,
      0.41817595637934707,
      0.31441550412932995,
      0.4506931066359584,
      0.2554072747310718,
      0.3648540021984795,
      0.32648756031908943
    ],
    [
      0.361848947862796,
      1.0,
      0.481171929625416,
      0.5417457622989228,
      0.5861933414688479,
      0.3744870293824356,
      0.6306407130009649,
      0.31668317459393136,
      0.5035134695595365,
      0.4895110062110909
    ],
    [
      0.3112193494519677,
      0.481171929625416,
      1.0,
      0.37321321155850606,
      0.3583357478460998,
      0.39220250727205647,
      0.46829471854480675,
      0.22790769229259594,
      0.40389404400069506,
      0.34517262983040964
    ],
    [
      0.35540989011459434,
      0.5417457622989228,
      0.37321321155850606,
      1.0,
      0.44140663664067664,
      0.4611890062149271,
      0.5427548610401721,
      0.28859670269769977,
      0.4471328401255181,
      0.3935377503780809
    ],
    [
      0.41817595637934707,
      0.5861933414688479,
      0.3583357478460998,
      0.44140663664067664,
      1.0,
      0.34406127402876274,
      0.5377876464205369,
      0.3458716812319009,
      0.5612349214137382,
      0.4603555234438311
    ],
    [
      0.31441550412932995,
      0.3744870293824356,
      0.39220250727205647,
      0.4611890062149271,
      0.34406127402876274,
      1.0,
      0.3652708983432622,
      0.2290231687537805,
      0.36506435830849626,
      0.3143017989452308
    ],
    [
      0.4506931066359584,
      0.6306407130009649,
      0.46829471854480675,
      0.5427548610401721,
      0.5377876464205369,
      0.3652708983432622,
      1.0,
      0.28868320351612387,
      0.5571949972441148,
      0.3908929449367772
    ],
    [
      0.2554072747310718,
      0.31668317459393136,
      0.22790769229259594,
      0.28859670269769977,
      0.3458716812319009,
      0.2290231687537805,
      0.28868320351612387,
      1.0,
      0.38024285457687645,
      0.23875391473991162
    ],
    [
      0.3648540021984795,
      0.5035134695595365,
      0.40389404400069506,
      0.4471328401255181,
      0.5612349214137382,
      0.36506435830849626,
      0.5571949972441148,
      0.38024285457687645,
      1.0,
      0.3924125254219195
    ],
    [
      0.32648756031908943,
      0.4895110062110909,
      0.34517262983040964,
      0.3935377503780809,
      0.4603555234438311,
      0.3143017989452308,
      0.3908929449367772,
      0.23875391473991162,
      0.3924125254219195,
      1.0
    ]
  ]
}