{
  "round": 1,
  "agent_names": [
    "TechAnalystAlex",
    "CreativeStoryteller_Sam",
    "PragmaticPM_Jordan",
    "MemeLord_Casey",
    "EmpathyAdvocate_Riley",
    "SkepticalDebater_Morgan",
    "TrendSpotter_Avery",
    "MinimalistLurker_Quinn",
    "BusinessGuru_Pat",
    "AcademicScholar_Dr_Lee"
  ],
  "matrix": [
    [
      1.0,
      0.3616060317208659,
      0.42614200899294813,
      0.3182111563724778,
      0.3569398123399141,
      0.40362843967811973,
      0.4200097267142172,
      0.267678891706507,
      0.49045156717397553,
      0.3817193588814233
    ],
    [
      0.3616060317208659,
      1.0,
      0.46132728179923793,
      0.5294436293834421,
      0.5408529735568073,
      0.41752393002705407,
      0.49311733037946204,
      0.28834626323849266,
      0.49560558236712654,
      0.4264731151572086
    ],
    [
      0.42614200899294813,
      0.46132728179923793,
      1.0,
      0.3328479361999238,
      0.38275548089234823,
      0.45449721818227257,
      0.4532380772961984,
      0.3229179585334928,
      0.5442606637643946,
      0.40710286320259437
    ],
    [
      0.3182111563724778,
      0.5294436293834421,
      0.3328479361999238,
      1.0,
      0.3738528884894959,
      0.4357709489456168,
      0.4304764607166642,
      0.24344224316982208,
      0.4160566295556071,
      0.4510914743222799
    ],
    [
      0.3569398123399141,
      0.5408529735568073,
      0.38275548089234823,
      0.3738528884894959,
      1.0,
      0.4183217275581201,
      0.5628447007410837,
      0.28178782218251713,
      0.48110041325010744,
      0.4531928805569032
    ],
    [
      0.40362843967811973,
      0.41752393002705407,
      0.45449721818227257,
      0.4357709489456168,
      0.4183217275581201,
      1.0,
      0.553480453204175,
      0.23926665251649692,
      0.5307360944858759,
      0.6220652600037258
    ],
    [
      0.4200097267142172,
      0.49311733037946204,
      0.4532380772961984,
      0.4304764607166642,
      0.5628447007410837,
      0.553480453204175,
      1.0,
      0.3300519973281512,
      0.7036863372282869,
      0.4766698846128527
    ],
    [
      0.267678891706507,
      0.28834626323849266,
      0.3229179585334928,
      0.24344224316982208,
      0.28178782218251713,
      0.23926665251649692,
      0.3300519973281512,
      1.0,
      0.42000647949239334,
      0.29386050642567174
    ],
    [
      0.49045156717397553,
      0.49560558236712654,
      0.5442606637643946,
      0.4160566295556071,
      0.48110041325010744,
      0.5307360944858759,
      0.7036863372282869,
      0.42000647949239334,
      1.0,
      0.47597619535468333
    ],
    [
      0.3817193588814233,
      0.4264731151572086,
      0.40710286320259437,
      0.4510914743222799,
      0.4531928805569032,
      0.6220652600037258,
      0.4766698846128527,
      0.29386050642567174,
      0.47597619535468333,
      1.0
    ]
  ]
}