{
  "round": 4,
  "agent_names": [
    "TechAnalystAlex",
    "CreativeStoryteller_Sam",
    "PragmaticPM_Jordan",
    "MemeLord_Casey",
    "EmpathyAdvocate_Riley",
    "SkepticalDebater_Morgan",
    "TrendSpotter_Avery",
    "MinimalistLurker_Quinn",
    "BusinessGuru_Pat",
    "AcademicScholar_Dr_Lee"
  ],
  "matrix": [
    [
      1.0,
      0.5491604763434373,
      0.5499684730636976,
      0.47880267833848733,
      0.4798930234975755,
      0.47717239016165247,
      0.5121561413600768,
      0.3284724947666987,
      0.5538981578665982,
      0.44558333262689914
    ],
    [
      0.5491604763434373,
      1.0,
      0.5411778937246534,
      0.5563391922216986,
      0.5890261736983096,
      0.5894873371026335,
      0.6366778557215195,
      0.35002176007075814,
      0.6094639342543879,
      0.45203826734385416
    ],
    [
      0.5499684730636976,
      0.5411778937246534,
      1.0,
      0.4062697714735496,
      0.4305478385324395,
      0.5326011655036391,
      0.6078885029344865,
      0.3572488203585727,
      0.5134576318416711,
      0.4616169423998754
    ],
    [
      0.47880267833848733,
      0.5563391922216986,
      0.4062697714735496,
      1.0,
      0.49436309632453124,
      0.5134642433215493,
      0.469128623964347,
      0.30600358866229393,
      0.4749452473469311,
      0.5086004044740029
    ],
    [
      0.4798930234975755,
      0.5890261736983096,
      0.4305478385324395,
      0.49436309632453124,
      1.0,
      0.59381665504964,
      0.5917931979473287,
      0.3142044573808028,
      0.570414754200036,
      0.5620947952014181
    ],
    [
      0.47717239016165247,
      0.5894873371026335,
      0.5326011655036391,
      0.5134642433215493,
      0.59381665504964,
      1.0,
      0.5812008131975388,
      0.2764820647049634,
      0.534918573413237,
      0.5716257741031342
    ],
    [
      0.5121561413600768,
      0.6366778557215195,
      0.6078885029344865,
      0.469128623964347,
      0.5917931979473287,
      0.5812008131975388,
      1.0,
      0.36672199156355595,
      0.7202896421896147,
      0.5705562470693083
    ],
    [
      0.3284724947666987,
      0.35002176007075814,
      0.3572488203585727,
      0.30600358866229393,
      0.3142044573808028,
      0.2764820647049634,
      0.36672199156355595,
      1.0,
      0.42993442521262126,
      0.29627008258564386
    ],
    [
      0.5538981578665982,
      0.6094639342543879,
      0.5134576318416711,
      0.4749452473469311,
      0.570414754200036,
      0.534918573413237,
      0.7202896421896147,
      0.42993442521262126,
      1.0,
      0.5356069599273723
    ],
    [
      0.44558333262689914,
      0.45203826734385416,
      0.4616169423998754,
      0.5086004044740029,
      0.5620947952014181,
      0.5716257741031342,
      0.5705562470693083,
      0.29627008258564386,
      0.5356069599273723,
      1.0
    ]
  ]
}