{
  "round": 5,
  "agent_names": [
    "TechAnalystAlex",
    "CreativeStoryteller_Sam",
    "PragmaticPM_Jordan",
    "MemeLord_Casey",
    "EmpathyAdvocate_Riley"
  ],
  "matrix": [
    [
      1.0,
      0.5193822685564784,
      0.404979488209308,
      0.5111661235872713,
      0.5638524514308967
    ],
    [
      0.5193822685564784,
      1.0,
      0.5590590004274374,
      0.5345521674721971,
      0.6096690303011469
    ],
    [
      0.404979488209308,
      0.5590590004274374,
      1.0,
      0.3962924653615379,
      0.5843955605885744
    ],
    [
      0.5111661235872713,
      0.5345521674721971,
      0.3962924653615379,
      1.0,
      0.5401041974945969
    ],
    [
      0.5638524514308967,
      0.6096690303011469,
      0.5843955605885744,
      0.5401041974945969,
      1.0
    ]
  ]
}